Date,Open,Close,Weekly Returns
1999-03-08,51.125,50.0625,-2.078
1999-03-15,50.4375,51.21875,1.549
1999-03-22,51.4375,51.75,0.608
1999-03-29,52.375,53.5625,2.267
1999-04-05,54.429688,55.8125,2.541
1999-04-12,54.5,51.96875,-4.644
1999-04-19,52.3125,55.3125,5.735
1999-04-26,55.6875,53.71875,-3.535
1999-05-03,53.5625,52.96875,-1.109
1999-05-10,53.3125,53.40625,0.176
1999-05-17,52.9375,52.875,-0.118
1999-05-24,52.96875,52.03125,-1.77
1999-05-31,51.9375,52.5625,1.203
1999-06-07,52.929688,51.78125,-2.17
1999-06-14,51.96875,55.0625,5.953
1999-06-21,55.4375,54.6875,-1.353
1999-06-28,55.15625,58.75,6.516
1999-07-05,59.0625,59.84375,1.323
1999-07-12,60.0625,61.375,2.185
1999-07-19,61.625,57.28125,-7.049
1999-07-26,56.5,56.59375,0.166
1999-08-02,56.6875,55.328125,-2.398
1999-08-09,55.53125,57.65625,3.827
1999-08-16,57.625,57.96875,0.597
1999-08-23,58.5,59.875,2.35
1999-08-30,60.125,62.65625,4.21
1999-09-06,62.53125,63.125,0.95
1999-09-13,63.0625,63.3125,0.396
1999-09-20,63.5,60.078125,-5.389
1999-09-27,60.9375,60.210938,-1.192
1999-10-04,60.53125,63.757813,5.33
1999-10-11,63.9375,59.875,-6.354
1999-10-18,59.9375,61.96875,3.389
1999-10-25,61.6875,65.75,6.586
1999-11-01,65.75,68.1875,3.707
1999-11-08,68.4375,72.1875,5.479
1999-11-15,72.25,75.78125,4.888
1999-11-22,75.9375,77.6875,2.305
1999-11-29,77.53125,79.125,2.056
1999-12-06,79.429688,79.90625,0.6
1999-12-13,79.632813,83.78125,5.209
1999-12-20,84.40625,90.21875,6.886
1999-12-27,90.3125,91.375,1.176
2000-01-03,96.1875,90.0,-6.433
2000-01-10,91.0,93.375,2.61
2000-01-17,92.0625,96.25,4.549
2000-01-24,97.4375,86.0,-11.738
2000-01-31,85.875,97.15625,13.137
2000-02-07,97.25,99.875,2.699
2000-02-14,99.992188,98.4375,-1.555
2000-02-21,99.0,104.0625,5.114
2000-02-28,103.25,111.0625,7.567
2000-03-06,111.75,114.5,2.461
2000-03-13,110.0,110.8125,0.739
2000-03-20,111.0,117.5625,5.912
2000-03-27,118.0,109.5,-7.203
2000-04-03,107.765625,106.625,-1.058
2000-04-10,107.625,80.375,-25.319
2000-04-17,78.015625,87.25,11.837
2000-04-24,83.4375,94.75,13.558
2000-05-01,95.75,91.4375,-4.504
2000-05-08,90.5,84.625,-6.492
2000-05-15,84.8125,81.6875,-3.685
2000-05-22,81.625,77.75,-4.747
2000-05-29,80.0,93.625,17.031
2000-06-05,92.25,93.75,1.626
2000-06-12,94.3125,94.25,-0.066
2000-06-19,94.015625,91.5,-2.676
2000-06-26,93.0625,93.4375,0.403
2000-07-03,93.5,95.9375,2.607
2000-07-10,94.6875,100.625,6.271
2000-07-17,100.9375,97.0,-3.901
2000-07-24,97.9375,86.875,-11.295
2000-07-31,87.625,90.125,2.853
2000-08-07,90.875,91.0625,0.206
2000-08-14,91.375,95.25,4.241
2000-08-21,96.0,98.03125,2.116
2000-08-28,98.25,102.625,4.453
2000-09-04,101.625,95.125,-6.396
2000-09-11,94.5,91.3125,-3.373
2000-09-18,91.8125,92.9375,1.225
2000-09-25,93.625,88.75,-5.207
2000-10-02,90.25,83.0,-8.033
2000-10-09,82.5625,81.25,-1.59
2000-10-16,81.125,86.3125,6.394
2000-10-23,86.1875,79.71875,-7.505
2000-10-30,78.1875,83.0625,6.235
2000-11-06,83.625,71.75,-14.2
2000-11-13,70.953125,72.828125,2.643
2000-11-20,70.9375,70.4375,-0.705
2000-11-27,72.5625,64.0,-11.8
2000-12-04,64.125,68.0,6.043
2000-12-11,72.0625,63.875,-11.362
2000-12-18,65.15625,60.5,-7.146
2000-12-25,60.59375,58.375,-3.662
2001-01-01,58.5625,56.625,-3.308
2001-01-08,56.3125,62.734375,11.404
2001-01-15,62.5625,66.3125,5.994
2001-01-22,65.875,65.546875,-0.498
2001-01-29,64.75,61.549999,-4.942
2001-02-05,61.189999,56.400002,-7.828
2001-02-12,56.25,55.130001,-1.991
2001-02-19,55.740002,51.18,-8.181
2001-02-26,52.080002,46.700001,-10.33
2001-03-05,47.5,45.099998,-5.053
2001-03-12,44.0,41.200001,-6.364
2001-03-19,41.439999,42.799999,3.282
2001-03-26,43.470001,39.150002,-9.938
2001-04-02,39.169998,35.950001,-8.221
2001-04-09,36.790001,42.799999,16.336
2001-04-16,41.939999,48.400002,15.403
2001-04-23,46.990002,45.150002,-3.916
2001-04-30,46.25,48.200001,4.216
2001-05-07,48.0,45.549999,-5.104
2001-05-14,45.299999,48.040001,6.049
2001-05-21,48.169998,48.990002,1.702
2001-05-28,48.5,46.049999,-5.052
2001-06-04,46.330002,47.349998,2.202
2001-06-11,46.900002,42.599998,-9.168
2001-06-18,42.639999,43.25,1.431
2001-06-25,43.610001,45.700001,4.792
2001-07-02,45.650002,41.650002,-8.762
2001-07-09,41.889999,43.150002,3.008
2001-07-16,43.369999,41.650002,-3.966
2001-07-23,42.240002,41.950001,-0.687
2001-07-30,42.130001,43.18,2.492
2001-08-06,42.529999,40.279999,-5.29
2001-08-13,40.59,37.759998,-6.972
2001-08-20,37.849998,39.299999,3.831
2001-08-27,39.279999,36.630001,-6.746
2001-09-03,36.509998,33.700001,-7.697
2001-09-10,33.490002,34.099998,1.821
2001-09-17,31.25,28.190001,-9.792
2001-09-24,29.08,28.98,-0.344
2001-10-01,28.85,31.76,10.087
2001-10-08,31.129999,34.549999,10.986
2001-10-15,34.119999,33.549999,-1.671
2001-10-22,33.439999,36.009998,7.685
2001-10-29,36.0,35.599998,-1.111
2001-11-05,36.259998,37.73,4.054
2001-11-12,37.0,39.369999,6.405
2001-11-19,39.790001,39.279999,-1.282
2001-11-26,39.580002,39.650002,0.177
2001-12-03,39.290001,41.73,6.21
2001-12-10,41.32,40.110001,-2.928
2001-12-17,40.02,39.48,-1.349
2001-12-24,39.540001,40.330002,1.998
2001-12-31,40.310001,41.669998,3.374
2002-01-07,42.110001,40.849998,-2.992
2002-01-14,40.490002,38.59,-4.693
2002-01-21,39.0,38.830002,-0.436
2002-01-28,39.150002,38.139999,-2.58
2002-02-04,37.959999,36.169998,-4.715
2002-02-11,36.139999,35.779999,-0.996
2002-02-18,35.369999,33.650002,-4.863
2002-02-25,34.0,35.740002,5.118
2002-03-04,35.700001,38.669998,8.319
2002-03-11,38.349998,37.23,-2.92
2002-03-18,37.630001,36.68,-2.525
2002-03-25,36.689999,36.060001,-1.717
2002-04-01,35.799999,34.369999,-3.994
2002-04-08,33.470001,33.52,0.149
2002-04-15,33.799999,34.459999,1.953
2002-04-22,34.009998,31.040001,-8.733
2002-04-29,31.24,29.74,-4.802
2002-05-06,29.629999,29.559999,-0.236
2002-05-13,29.870001,32.93,10.244
2002-05-20,32.599998,31.24,-4.172
2002-05-27,31.469999,30.040001,-4.544
2002-06-03,30.0,28.299999,-5.667
2002-06-10,28.360001,27.620001,-2.609
2002-06-17,28.0,25.82,-7.786
2002-06-24,25.450001,26.1,2.554
2002-07-01,25.969999,26.34,1.425
2002-07-08,26.200001,24.799999,-5.344
2002-07-15,24.68,23.99,-2.796
2002-07-22,23.85,22.67,-4.948
2002-07-29,23.27,22.25,-4.383
2002-08-05,22.110001,23.33,5.518
2002-08-12,23.049999,24.700001,7.158
2002-08-19,24.77,25.15,1.534
2002-08-26,25.299999,23.49,-7.154
2002-09-02,23.059999,22.85,-0.911
2002-09-09,22.67,22.99,1.412
2002-09-16,22.860001,21.67,-5.206
2002-09-23,21.450001,21.309999,-0.653
2002-09-30,21.07,20.35,-3.417
2002-10-07,20.26,22.219999,9.674
2002-10-14,21.870001,23.809999,8.871
2002-10-21,23.52,24.700001,5.017
2002-10-28,25.0,25.25,1.0
2002-11-04,26.049999,25.07,-3.762
2002-11-11,24.950001,26.440001,5.972
2002-11-18,26.709999,27.719999,3.781
2002-11-25,27.76,27.719999,-0.144
2002-12-02,28.42,26.469999,-6.861
2002-12-09,26.219999,25.040001,-4.5
2002-12-16,25.219999,25.32,0.397
2002-12-23,25.18,24.82,-1.43
2002-12-30,24.84,25.68,3.382
2003-01-06,25.709999,27.1,5.406
2003-01-13,27.33,25.309999,-7.391
2003-01-20,25.41,24.82,-2.322
2003-01-27,24.450001,24.440001,-0.041
2003-02-03,24.52,23.809999,-2.896
2003-02-10,23.889999,24.49,2.512
2003-02-17,24.700001,25.17,1.903
2003-02-24,25.129999,25.16,0.119
2003-03-03,25.27,24.540001,-2.889
2003-03-10,24.33,25.719999,5.713
2003-03-17,25.43,27.17,6.842
2003-03-24,26.469999,26.08,-1.473
2003-03-31,25.6,26.049999,1.758
2003-04-07,27.110001,25.51,-5.902
2003-04-14,25.6,26.82,4.766
2003-04-21,26.940001,26.950001,0.037
2003-04-28,27.049999,28.280001,4.547
2003-05-05,28.33,28.41,0.282
2003-05-12,28.360001,28.700001,1.199
2003-05-19,28.52,28.1,-1.473
2003-05-26,27.93,29.790001,6.66
2003-06-02,30.08,30.129999,0.166
2003-06-09,30.0,29.959999,-0.133
2003-06-16,30.17,30.379999,0.696
2003-06-23,30.33,29.83,-1.649
2003-06-30,30.16,30.58,1.393
2003-07-07,30.969999,31.84,2.809
2003-07-14,32.34,31.280001,-3.278
2003-07-21,31.24,31.799999,1.793
2003-07-28,31.860001,31.459999,-1.255
2003-08-04,31.42,30.07,-4.297
2003-08-11,30.08,31.17,3.624
2003-08-18,31.309999,32.439999,3.609
2003-08-25,32.360001,33.389999,3.183
2003-09-01,33.490002,33.939999,1.344
2003-09-08,34.0,33.82,-0.529
2003-09-15,33.84,34.580002,2.187
2003-09-22,34.130001,32.580002,-4.541
2003-09-29,32.759998,34.189999,4.365
2003-10-06,34.279999,35.009998,2.13
2003-10-13,35.139999,34.610001,-1.508
2003-10-20,34.650002,34.200001,-1.299
2003-10-27,34.279999,35.18,2.625
2003-11-03,35.43,35.630001,0.564
2003-11-10,35.700001,35.040001,-1.849
2003-11-17,34.84,34.23,-1.751
2003-11-24,34.52,35.380001,2.491
2003-12-01,35.709999,35.040001,-1.876
2003-12-08,35.02,35.240002,0.628
2003-12-15,35.93,35.459999,-1.308
2003-12-22,35.349998,35.849998,1.414
2003-12-29,36.029999,36.360001,0.916
2004-01-05,36.580002,37.73,3.144
2004-01-12,37.849998,38.57,1.902
2004-01-19,38.73,38.009998,-1.859
2004-01-26,37.98,37.07,-2.396
2004-02-02,37.200001,37.130001,-0.188
2004-02-09,37.34,36.939999,-1.071
2004-02-16,37.279999,36.860001,-1.127
2004-02-23,37.0,36.57,-1.162
2004-03-01,36.68,36.630001,-0.136
2004-03-08,36.689999,35.509998,-3.216
2004-03-15,35.360001,34.75,-1.725
2004-03-22,34.529999,35.220001,1.998
2004-03-29,35.509998,37.099998,4.478
2004-04-05,37.009998,36.939999,-0.189
2004-04-12,37.02,36.09,-2.512
2004-04-19,36.009998,37.209999,3.332
2004-04-26,37.18,34.77,-6.482
2004-05-03,35.0,34.970001,-0.086
2004-05-10,34.669998,34.75,0.231
2004-05-17,34.380001,35.02,1.862
2004-05-24,35.299999,36.549999,3.541
2004-05-31,36.27,36.189999,-0.221
2004-06-07,36.439999,36.84,1.098
2004-06-14,36.610001,36.439999,-0.464
2004-06-21,36.52,37.330002,2.218
2004-06-28,37.490002,36.82,-1.787
2004-07-05,36.599998,35.75,-2.322
2004-07-12,35.57,34.669998,-2.53
2004-07-19,34.779999,34.209999,-1.639
2004-07-26,34.240002,34.889999,1.898
2004-08-02,34.610001,32.720001,-5.461
2004-08-09,32.810001,32.52,-0.884
2004-08-16,32.610001,34.009998,4.293
2004-08-23,34.049999,34.560001,1.498
2004-08-30,34.41,34.139999,-0.785
2004-09-06,34.400002,35.119999,2.093
2004-09-13,35.25,35.43,0.511
2004-09-20,35.290001,34.799999,-1.389
2004-09-27,34.619999,36.099998,4.275
2004-10-04,36.360001,35.580002,-2.145
2004-10-11,35.720001,35.630001,-0.252
2004-10-18,35.509998,35.799999,0.817
2004-10-25,35.73,36.900002,3.275
2004-11-01,36.98,37.959999,2.65
2004-11-08,37.950001,38.66,1.871
2004-11-15,38.639999,38.68,0.104
2004-11-22,38.610001,39.209999,1.554
2004-11-29,39.459999,40.130001,1.698
2004-12-06,40.119999,39.93,-0.474
2004-12-13,40.23,39.470001,-1.889
2004-12-20,39.57,39.759998,0.48
2004-12-27,39.98,39.919998,-0.15
2005-01-03,40.09,38.549999,-3.841
2005-01-10,38.439999,38.43,-0.026
2005-01-17,38.279999,37.049999,-3.213
2005-01-24,37.119999,36.919998,-0.539
2005-01-31,37.360001,37.75,1.044
2005-02-07,37.799999,37.700001,-0.265
2005-02-14,37.700001,37.349998,-0.928
2005-02-21,37.029999,37.619999,1.593
2005-02-28,37.459999,37.52,0.16
2005-03-07,37.599998,37.169998,-1.144
2005-03-14,37.240002,36.509998,-1.96
2005-03-21,36.599998,36.27,-0.902
2005-03-28,36.41,36.200001,-0.577
2005-04-04,36.25,36.639999,1.076
2005-04-11,36.75,34.740002,-5.469
2005-04-18,34.709999,35.09,1.095
2005-04-25,35.299999,34.98,-0.907
2005-05-02,35.099998,35.860001,2.165
2005-05-09,35.869999,36.240002,1.032
2005-05-16,36.240002,37.66,3.918
2005-05-23,37.66,38.209999,1.46
2005-05-30,38.189999,38.099998,-0.236
2005-06-06,38.119999,37.549999,-1.495
2005-06-13,37.48,37.869999,1.041
2005-06-20,37.720001,36.970001,-1.988
2005-06-27,36.950001,36.73,-0.595
2005-07-04,36.599998,37.77,3.197
2005-07-11,37.869999,38.889999,2.693
2005-07-18,38.790001,39.419998,1.624
2005-07-25,39.459999,39.580002,0.304
2005-08-01,39.639999,39.48,-0.404
2005-08-08,39.52,39.209999,-0.784
2005-08-15,39.139999,38.82,-0.818
2005-08-22,38.880001,38.459999,-1.08
2005-08-29,38.259998,38.77,1.333
2005-09-05,38.950001,39.619999,1.72
2005-09-12,39.630001,39.400002,-0.58
2005-09-19,39.32,38.75,-1.45
2005-09-26,38.970001,39.459999,1.257
2005-10-03,39.540001,38.34,-3.035
2005-10-10,38.27,38.060001,-0.549
2005-10-17,38.07,38.549999,1.261
2005-10-24,38.73,38.32,-1.059
2005-10-31,38.450001,40.080002,4.239
2005-11-07,40.209999,40.709999,1.243
2005-11-14,40.77,41.450001,1.668
2005-11-21,41.400002,41.889999,1.184
2005-11-28,42.0,42.110001,0.262
2005-12-05,42.060001,41.720001,-0.808
2005-12-12,41.869999,41.580002,-0.693
2005-12-19,41.669998,41.400002,-0.648
2005-12-26,41.52,40.41,-2.673
2006-01-02,40.650002,42.68,4.994
2006-01-09,42.68,42.98,0.703
2006-01-16,42.650002,41.25,-3.283
2006-01-23,41.360001,42.110001,1.813
2006-01-30,42.18,40.919998,-2.987
2006-02-06,40.720001,40.959999,0.589
2006-02-13,40.700001,41.209999,1.253
2006-02-20,41.209999,41.259998,0.121
2006-02-27,41.360001,41.450001,0.218
2006-03-06,41.540001,40.560001,-2.359
2006-03-13,40.740002,41.450001,1.743
2006-03-20,41.57,41.299999,-0.65
2006-03-27,41.279999,41.93,1.575
2006-04-03,42.150002,42.32,0.403
2006-04-10,42.400002,42.099998,-0.708
2006-04-17,42.040001,42.0,-0.095
2006-04-24,41.950001,41.849998,-0.238
2006-05-01,41.919998,42.16,0.573
2006-05-08,42.080002,40.189999,-4.491
2006-05-15,40.02,39.349998,-1.674
2006-05-22,39.009998,39.490002,1.23
2006-05-29,39.299999,39.639999,0.865
2006-06-05,39.560001,38.150002,-3.564
2006-06-12,38.200001,38.34,0.366
2006-06-19,38.5,38.150002,-0.909
2006-06-26,38.169998,38.77,1.572
2006-07-03,38.889999,37.689999,-3.086
2006-07-10,37.790001,35.939999,-4.895
2006-07-17,35.950001,35.700001,-0.695
2006-07-24,35.84,37.110001,3.544
2006-07-31,37.080002,36.950001,-0.351
2006-08-07,36.91,36.529999,-1.03
2006-08-14,36.84,38.790001,5.293
2006-08-21,38.5,38.32,-0.468
2006-08-28,38.290001,39.080002,2.063
2006-09-04,39.099998,38.720001,-0.972
2006-09-11,38.41,40.110001,4.426
2006-09-18,40.119999,39.869999,-0.623
2006-09-25,40.040001,40.650002,1.523
2006-10-02,40.599998,41.41,1.995
2006-10-09,41.360001,42.43,2.587
2006-10-16,42.43,42.0,-1.013
2006-10-23,41.919998,42.209999,0.692
2006-10-30,42.16,41.93,-0.546
2006-11-06,42.07,43.029999,2.282
2006-11-13,43.049999,44.299999,2.904
2006-11-20,44.16,44.650002,1.11
2006-11-27,44.509998,43.66,-1.91
2006-12-04,43.790001,43.900002,0.251
2006-12-11,43.830002,44.43,1.369
2006-12-18,44.580002,42.93,-3.701
2006-12-25,42.93,43.16,0.536
2007-01-01,43.459999,43.849998,0.897
2007-01-08,43.889999,45.310001,3.235
2007-01-15,45.349998,44.169998,-2.602
2007-01-22,44.209999,43.57,-1.448
2007-01-29,43.459999,44.16,1.611
2007-02-05,44.139999,43.880001,-0.589
2007-02-12,43.869999,44.709999,1.915
2007-02-19,44.639999,45.259998,1.389
2007-02-26,45.48,42.48,-6.596
2007-03-05,42.150002,42.93,1.851
2007-03-12,42.869999,42.830002,-0.093
2007-03-19,43.060001,44.119999,2.462
2007-03-26,44.139999,43.529999,-1.382
2007-04-02,43.669998,44.560001,2.038
2007-04-09,44.709999,44.650002,-0.134
2007-04-16,44.830002,45.400002,1.271
2007-04-23,45.459999,46.57,2.442
2007-04-30,46.490002,46.630001,0.301
2007-05-07,46.66,46.779999,0.257
2007-05-14,46.77,46.709999,-0.128
2007-05-21,46.740002,46.450001,-0.62
2007-05-28,46.5,47.439999,2.022
2007-06-04,47.27,46.91,-0.762
2007-06-11,46.880001,47.759998,1.877
2007-06-18,47.849998,47.290001,-1.17
2007-06-25,47.299999,47.599998,0.634
2007-07-02,47.709999,48.860001,2.41
2007-07-09,48.900002,49.900002,2.045
2007-07-16,49.889999,50.049999,0.321
2007-07-23,50.220001,47.990002,-4.44
2007-07-30,48.220001,47.419998,-1.659
2007-08-06,47.470001,47.279999,-0.4
2007-08-13,47.68,46.310001,-2.873
2007-08-20,46.490002,48.200001,3.678
2007-08-27,48.060001,48.869999,1.685
2007-09-03,48.93,48.23,-1.431
2007-09-10,48.619999,49.220001,1.234
2007-09-17,49.0,50.360001,2.776
2007-09-24,50.490002,51.41,1.822
2007-10-01,51.450001,52.82,2.663
2007-10-08,52.799999,53.529999,1.383
2007-10-15,53.610001,52.439999,-2.182
2007-10-22,52.16,53.93,3.393
2007-10-29,54.189999,54.419998,0.424
2007-11-05,53.860001,50.0,-7.167
2007-11-12,49.919998,50.279999,0.721
2007-11-19,50.16,49.84,-0.638
2007-11-26,49.970001,51.310001,2.682
2007-12-03,51.09,52.330002,2.427
2007-12-10,52.459999,50.970001,-2.84
2007-12-17,50.779999,51.849998,2.107
2007-12-24,52.009998,51.82,-0.365
2007-12-31,51.57,48.400002,-6.147
2008-01-07,48.400002,47.049999,-2.789
2008-01-14,47.689999,45.349998,-4.907
2008-01-21,42.830002,43.990002,2.708
2008-01-28,44.02,45.59,3.567
2008-02-04,45.580002,43.599998,-4.344
2008-02-11,43.77,43.82,0.114
2008-02-18,44.400002,43.68,-1.622
2008-02-25,43.630001,42.950001,-1.559
2008-03-03,42.919998,42.07,-1.98
2008-03-10,42.009998,42.25,0.571
2008-03-17,41.290001,43.09,4.359
2008-03-24,43.279999,43.490002,0.485
2008-03-31,43.650002,45.860001,5.063
2008-04-07,46.139999,44.279999,-4.031
2008-04-14,44.209999,46.709999,5.655
2008-04-21,46.619999,47.150002,1.137
2008-04-28,47.259998,48.77,3.195
2008-05-05,48.77,48.209999,-1.148
2008-05-12,48.279999,50.009998,3.583
2008-05-19,50.049999,48.200001,-3.696
2008-05-26,48.299999,50.009998,3.54
2008-06-02,49.919998,49.029999,-1.783
2008-06-09,49.130001,48.369999,-1.547
2008-06-16,48.119999,47.419998,-1.455
2008-06-23,47.610001,45.650002,-4.117
2008-06-30,45.509998,44.630001,-1.934
2008-07-07,45.040001,44.560001,-1.066
2008-07-14,45.139999,44.59,-1.218
2008-07-21,45.0,45.27,0.6
2008-07-28,45.259998,44.880001,-0.84
2008-08-04,44.869999,47.32,5.46
2008-08-11,47.299999,48.16,1.818
2008-08-18,48.299999,47.490002,-1.677
2008-08-25,47.16,46.119999,-2.205
2008-09-01,46.869999,43.450001,-7.297
2008-09-08,44.02,43.43,-1.34
2008-09-15,42.400002,42.900002,1.179
2008-09-22,42.740002,41.080002,-3.884
2008-09-29,40.259998,36.18,-10.134
2008-10-06,35.259998,31.32,-11.174
2008-10-13,32.860001,32.299999,-1.704
2008-10-20,32.759998,29.51,-9.921
2008-10-27,29.17,32.889999,12.753
2008-11-03,32.810001,31.190001,-4.938
2008-11-10,31.969999,28.98,-9.353
2008-11-17,28.49,26.67,-6.388
2008-11-24,27.219999,29.120001,6.98
2008-12-01,28.5,28.940001,1.544
2008-12-08,29.59,29.68,0.304
2008-12-15,29.73,29.860001,0.437
2008-12-22,29.860001,29.129999,-2.445
2008-12-29,29.209999,31.030001,6.231
2009-01-05,30.83,30.07,-2.465
2009-01-12,30.110001,29.42,-2.292
2009-01-19,29.299999,28.9,-1.365
2009-01-26,28.940001,29.059999,0.415
2009-02-02,28.780001,31.370001,8.999
2009-02-09,31.389999,30.43,-3.058
2009-02-16,29.49,28.870001,-2.102
2009-02-23,29.030001,27.530001,-5.167
2009-03-02,27.120001,26.299999,-3.024
2009-03-09,26.09,28.74,10.157
2009-03-16,28.93,29.18,0.864
2009-03-23,29.9,30.82,3.077
2009-03-30,30.299999,32.349998,6.766
2009-04-06,31.99,32.939999,2.97
2009-04-13,32.84,33.310001,1.431
2009-04-20,32.709999,33.689999,2.996
2009-04-27,33.419998,34.369999,2.843
2009-05-04,34.68,34.23,-1.298
2009-05-11,33.790001,33.369999,-1.243
2009-05-18,33.599998,33.540001,-0.179
2009-05-25,33.25,35.380001,6.406
2009-06-01,35.759998,36.779999,2.852
2009-06-08,36.549999,36.650002,0.274
2009-06-15,36.299999,36.16,-0.386
2009-06-22,35.830002,36.369999,1.507
2009-06-29,36.470001,35.599998,-2.386
2009-07-06,35.380001,34.919998,-1.3
2009-07-13,34.950001,37.560001,7.468
2009-07-20,37.759998,39.049999,3.416
2009-07-27,39.330002,39.450001,0.305
2009-08-03,39.869999,39.880001,0.025
2009-08-10,39.740002,39.630001,-0.277
2009-08-17,38.959999,40.290001,3.414
2009-08-24,40.360001,40.439999,0.198
2009-08-31,40.139999,40.360001,0.548
2009-09-07,40.68,41.52,2.065
2009-09-14,41.25,42.439999,2.885
2009-09-21,42.200001,41.700001,-1.185
2009-09-28,41.93,40.880001,-2.504
2009-10-05,41.09,42.48,3.383
2009-10-12,42.650002,42.779999,0.305
2009-10-19,42.810001,43.130001,0.747
2009-10-26,43.200001,40.959999,-5.185
2009-11-02,41.0,42.599998,3.902
2009-11-09,42.93,44.009998,2.516
2009-11-16,44.200001,43.439999,-1.719
2009-11-23,43.889999,43.509998,-0.866
2009-11-30,43.41,44.119999,1.636
2009-12-07,44.09,44.130001,0.091
2009-12-14,44.43,44.459999,0.068
2009-12-21,44.689999,45.98,2.887
2009-12-28,46.09,45.75,-0.738
2010-01-04,46.330002,46.549999,0.475
2010-01-11,46.610001,45.849998,-1.631
2010-01-18,45.959999,44.16,-3.916
2010-01-25,44.43,42.790001,-3.691
2010-02-01,42.900002,42.98,0.186
2010-02-08,42.91,43.759998,1.981
2010-02-15,44.080002,44.830002,1.701
2010-02-22,45.009998,44.759998,-0.555
2010-03-01,44.959999,46.439999,3.292
2010-03-08,46.459999,47.360001,1.937
2010-03-15,47.259998,47.490002,0.487
2010-03-22,47.299999,48.0,1.48
2010-03-29,48.240002,48.16,-0.166
2010-04-05,48.27,49.029999,1.574
2010-04-12,49.049999,49.529999,0.979
2010-04-19,49.349998,50.52,2.371
2010-04-26,50.57,49.240002,-2.63
2010-05-03,49.450001,45.41,-8.17
2010-05-10,47.43,46.93,-1.054
2010-05-17,47.02,44.84,-4.636
2010-05-24,44.82,45.599998,1.74
2010-05-31,45.43,45.09,-0.748
2010-06-07,45.32,45.5,0.397
2010-06-14,45.919998,47.0,2.352
2010-06-21,47.599998,45.27,-4.895
2010-06-28,45.27,42.470001,-6.185
2010-07-05,43.099998,44.619999,3.527
2010-07-12,44.580002,44.34,-0.538
2010-07-19,44.470001,46.060001,3.575
2010-07-26,46.119999,45.810001,-0.672
2010-08-02,46.389999,46.759998,0.798
2010-08-09,47.0,44.720001,-4.851
2010-08-16,44.5,44.919998,0.944
2010-08-23,45.200001,44.07,-2.5
2010-08-30,43.860001,46.009998,4.902
2010-09-06,45.82,46.599998,1.702
2010-09-13,46.959999,47.990002,2.193
2010-09-20,48.169998,49.66,3.093
2010-09-27,49.630001,49.009998,-1.249
2010-10-04,48.869999,49.75,1.801
2010-10-11,49.779999,51.490002,3.435
2010-10-18,51.5,51.639999,0.272
2010-10-25,51.849998,52.18,0.636
2010-11-01,52.369999,53.669998,2.482
2010-11-08,53.580002,52.509998,-1.997
2010-11-15,52.779999,52.470001,-0.587
2010-11-22,52.259998,52.77,0.976
2010-11-29,52.700001,53.869999,2.22
2010-12-06,53.880001,54.490002,1.132
2010-12-13,54.700001,54.52,-0.329
2010-12-20,54.619999,54.740002,0.22
2010-12-27,54.580002,54.459999,-0.22
2011-01-03,54.970001,55.869999,1.637
2011-01-10,55.75,57.0,2.242
2011-01-17,56.57,55.68,-1.573
2011-01-24,55.790001,55.73,-0.108
2011-01-31,55.810001,57.380001,2.813
2011-02-07,57.490002,58.439999,1.652
2011-02-14,58.439999,58.73,0.496
2011-02-21,57.93,57.650002,-0.483
2011-02-28,57.880001,57.970001,0.155
2011-03-07,58.209999,56.490002,-2.955
2011-03-14,56.18,54.450001,-3.079
2011-03-21,55.279999,56.84,2.822
2011-03-28,57.09,57.459999,0.648
2011-04-04,57.619999,56.950001,-1.163
2011-04-11,57.169998,56.650002,-0.91
2011-04-18,56.080002,58.34,4.03
2011-04-25,58.389999,59.080002,1.182
2011-05-02,59.169998,58.470001,-1.183
2011-05-09,58.57,58.41,-0.273
2011-05-16,58.139999,57.77,-0.636
2011-05-23,56.98,57.43,0.79
2011-05-30,57.970001,56.349998,-2.795
2011-06-06,56.220001,54.639999,-2.81
2011-06-13,54.669998,53.790001,-1.61
2011-06-20,53.639999,54.380001,1.38
2011-06-27,54.439999,57.91,6.374
2011-07-04,57.970001,59.029999,1.829
2011-07-11,58.41,57.849998,-0.959
2011-07-18,57.529999,59.599998,3.598
2011-07-25,59.130001,58.0,-1.911
2011-08-01,58.700001,53.830002,-8.296
2011-08-08,52.18,53.57,2.664
2011-08-15,53.790001,50.029999,-6.99
2011-08-22,51.23,53.130001,3.709
2011-08-29,53.66,53.279999,-0.708
2011-09-05,52.040001,53.18,2.191
2011-09-12,52.59,56.59,7.606
2011-09-19,55.889999,54.150002,-3.113
2011-09-26,54.419998,52.490002,-3.546
2011-10-03,52.02,54.07,3.941
2011-10-10,54.990002,58.18,5.801
2011-10-17,57.91,57.299999,-1.053
2011-10-24,57.509998,58.939999,2.487
2011-10-31,58.43,57.799999,-1.078
2011-11-07,57.759998,57.849998,0.156
2011-11-14,57.689999,55.400002,-3.969
2011-11-21,54.650002,52.880001,-3.239
2011-11-28,54.169998,56.619999,4.523
2011-12-05,57.470001,57.02,-0.783
2011-12-12,56.419998,54.860001,-2.765
2011-12-19,55.07,56.080002,1.834
2011-12-26,55.990002,55.830002,-0.286
2012-01-02,56.91,57.810001,1.581
2012-01-09,57.959999,58.18,0.38
2012-01-16,58.689999,59.77,1.84
2012-01-23,59.779999,60.400002,1.037
2012-01-30,59.889999,62.049999,3.607
2012-02-06,61.82,62.470001,1.051
2012-02-13,62.939999,63.43,0.779
2012-02-20,63.5,63.959999,0.724
2012-02-27,63.610001,64.870003,1.981
2012-03-05,64.830002,65.019997,0.293
2012-03-12,65.0,66.519997,2.338
2012-03-19,66.629997,66.940002,0.465
2012-03-26,67.389999,67.550003,0.237
2012-04-02,67.480003,67.720001,0.356
2012-04-09,66.879997,66.190002,-1.032
2012-04-16,66.519997,65.68,-1.263
2012-04-23,65.059998,67.239998,3.351
2012-04-30,67.040001,64.699997,-3.49
2012-05-07,64.309998,64.18,-0.202
2012-05-14,63.630001,60.810001,-4.432
2012-05-21,60.93,62.07,1.871
2012-05-28,62.650002,60.41,-3.575
2012-06-04,60.580002,62.869999,3.78
2012-06-11,63.349998,62.990002,-0.568
2012-06-18,62.73,63.349998,0.988
2012-06-25,62.830002,64.160004,2.117
2012-07-02,64.25,64.120003,-0.202
2012-07-09,64.050003,63.380001,-1.046
2012-07-16,63.240002,64.239998,1.581
2012-07-23,62.990002,64.870003,2.985
2012-07-30,65.029999,65.599998,0.877
2012-08-06,65.940002,66.860001,1.395
2012-08-13,66.839996,68.32,2.214
2012-08-20,68.269997,68.290001,0.029
2012-08-27,68.580002,68.160004,-0.612
2012-09-03,68.029999,69.43,2.058
2012-09-10,69.25,70.18,1.343
2012-09-17,70.220001,70.150002,-0.1
2012-09-24,69.57,68.57,-1.437
2012-10-01,68.900002,68.980003,0.116
2012-10-08,68.580002,66.68,-2.77
2012-10-15,66.93,65.68,-1.868
2012-10-22,65.650002,65.349998,-0.457
2012-10-29,65.269997,65.169998,-0.153
2012-11-05,65.18,63.43,-2.685
2012-11-12,63.799999,62.299999,-2.351
2012-11-19,62.98,64.900002,3.049
2012-11-26,64.739998,65.800003,1.637
2012-12-03,66.309998,64.93,-2.081
2012-12-10,64.75,64.690002,-0.093
2012-12-17,64.75,65.199997,0.695
2012-12-24,65.029999,63.779999,-1.922
2012-12-31,63.709999,66.629997,4.583
2013-01-07,66.459999,67.260002,1.204
2013-01-14,66.919998,67.07,0.224
2013-01-21,67.139999,67.0,-0.209
2013-01-28,67.010002,67.660004,0.97
2013-02-04,67.269997,67.989998,1.07
2013-02-11,68.029999,67.75,-0.412
2013-02-18,67.879997,67.139999,-1.09
2013-02-25,67.57,67.379997,-0.281
2013-03-04,67.160004,68.769997,2.397
2013-03-11,68.68,68.510002,-0.248
2013-03-18,67.879997,68.589996,1.046
2013-03-25,68.809998,68.970001,0.233
2013-04-01,69.019997,67.860001,-1.681
2013-04-08,67.889999,69.940002,3.02
2013-04-15,69.68,68.089996,-2.282
2013-04-22,68.330002,69.57,1.815
2013-04-29,69.790001,72.120003,3.339
2013-05-06,72.25,73.050003,1.107
2013-05-13,72.93,74.300003,1.879
2013-05-20,74.160004,73.410004,-1.011
2013-05-27,74.269997,73.25,-1.373
2013-06-03,73.260002,73.389999,0.177
2013-06-10,73.529999,72.279999,-1.7
2013-06-17,72.849998,70.43,-3.322
2013-06-24,69.849998,71.269997,2.033
2013-07-01,71.75,72.580002,1.157
2013-07-08,72.959999,75.300003,3.207
2013-07-15,75.379997,74.589996,-1.048
2013-07-22,74.870003,75.370003,0.668
2013-07-29,75.220001,76.970001,2.327
2013-08-05,76.93,76.489998,-0.572
2013-08-12,76.199997,75.480003,-0.945
2013-08-19,75.489998,76.669998,1.563
2013-08-26,76.730003,75.470001,-1.642
2013-09-02,76.089996,76.93,1.104
2013-09-09,77.260002,78.059998,1.035
2013-09-16,78.720001,78.989998,0.343
2013-09-23,79.32,79.07,-0.315
2013-09-30,78.25,79.400002,1.47
2013-10-07,78.699997,79.230003,0.673
2013-10-14,78.739998,82.150002,4.331
2013-10-21,82.339996,82.900002,0.68
2013-10-28,82.910004,82.809998,-0.121
2013-11-04,83.059998,82.540001,-0.626
2013-11-11,82.419998,83.959999,1.868
2013-11-18,83.940002,83.989998,0.06
2013-11-25,84.290001,85.730003,1.708
2013-12-02,85.830002,86.0,0.198
2013-12-09,86.349998,84.849998,-1.737
2013-12-16,85.269997,86.5,1.442
2013-12-23,87.209999,87.519997,0.355
2013-12-30,87.389999,86.639999,-0.858
2014-01-06,86.660004,87.300003,0.739
2014-01-13,87.18,87.879997,0.803
2014-01-20,88.440002,86.739998,-1.922
2014-01-27,86.739998,86.269997,-0.542
2014-02-03,86.110001,87.300003,1.382
2014-02-10,87.269997,89.809998,2.911
2014-02-17,89.959999,89.93,-0.033
2014-02-24,90.139999,90.339996,0.222
2014-03-03,89.489998,90.529999,1.162
2014-03-10,90.480003,88.669998,-2.0
2014-03-17,89.239998,89.0,-0.269
2014-03-24,89.32,87.050003,-2.541
2014-03-31,87.730003,86.370003,-1.55
2014-04-07,85.830002,84.110001,-2.004
2014-04-14,84.849998,86.199997,1.591
2014-04-21,86.400002,86.190002,-0.243
2014-04-28,86.599998,87.489998,1.028
2014-05-05,86.970001,86.800003,-0.195
2014-05-12,87.32,87.709999,0.447
2014-05-19,87.449997,89.879997,2.779
2014-05-26,90.279999,91.309998,1.141
2014-06-02,91.419998,92.82,1.531
2014-06-09,92.839996,92.32,-0.56
2014-06-16,92.160004,92.769997,0.662
2014-06-23,92.760002,93.75,1.067
2014-06-30,93.730003,95.699997,2.102
2014-07-07,95.589996,95.269997,-0.335
2014-07-14,95.699997,96.120003,0.439
2014-07-21,95.919998,96.739998,0.855
2014-07-28,96.839996,94.669998,-2.241
2014-08-04,94.870003,94.900002,0.032
2014-08-11,95.269997,97.400002,2.236
2014-08-18,97.910004,99.050003,1.164
2014-08-25,99.519997,99.779999,0.261
2014-09-01,100.019997,99.889999,-0.13
2014-09-08,99.919998,99.480003,-0.44
2014-09-15,99.589996,99.980003,0.392
2014-09-22,99.739998,98.779999,-0.963
2014-09-29,97.800003,98.169998,0.378
2014-10-06,98.480003,94.440002,-4.102
2014-10-13,94.269997,93.0,-1.347
2014-10-20,92.989998,98.620003,6.054
2014-10-27,98.43,101.400002,3.017
2014-11-03,101.580002,101.599998,0.02
2014-11-10,101.650002,103.220001,1.545
2014-11-17,102.980003,103.870003,0.864
2014-11-24,104.150002,106.010002,1.786
2014-12-01,105.720001,105.379997,-0.322
2014-12-08,105.110001,102.669998,-2.321
2014-12-15,103.199997,104.32,1.085
2014-12-22,104.150002,105.040001,0.855
2014-12-29,104.940002,102.940002,-1.906
2015-01-05,102.489998,102.620003,0.127
2015-01-12,102.82,100.82,-1.945
2015-01-19,101.43,104.260002,2.79
2015-01-26,104.139999,101.099998,-2.919
2015-02-02,101.330002,103.129997,1.776
2015-02-09,102.730003,106.910004,4.069
2015-02-16,106.910004,108.410004,1.403
2015-02-23,108.349998,108.400002,0.046
2015-03-02,108.610001,107.410004,-1.105
2015-03-09,107.629997,105.339996,-2.128
2015-03-16,105.730003,108.529999,2.648
2015-03-23,108.470001,105.519997,-2.72
2015-03-30,106.160004,105.120003,-0.98
2015-04-06,104.5,107.75,3.11
2015-04-13,107.830002,106.010002,-1.688
2015-04-20,106.540001,110.540001,3.754
2015-04-27,110.949997,109.050003,-1.712
2015-05-04,109.400002,108.690002,-0.649
2015-05-11,108.760002,109.580002,0.754
2015-05-18,109.400002,110.470001,0.978
2015-05-25,110.230003,110.050003,-0.163
2015-06-01,110.639999,109.300003,-1.211
2015-06-08,109.25,108.75,-0.458
2015-06-15,107.940002,109.889999,1.807
2015-06-22,110.699997,109.269997,-1.292
2015-06-29,108.059998,107.949997,-0.102
2015-07-06,107.269997,107.650002,0.354
2015-07-13,108.580002,113.589996,4.614
2015-07-20,113.830002,111.099998,-2.398
2015-07-27,110.470001,111.949997,1.34
2015-08-03,111.970001,110.309998,-1.483
2015-08-10,111.010002,110.510002,-0.45
2015-08-17,110.239998,102.400002,-7.112
2015-08-24,94.230003,105.620003,12.087
2015-08-31,105.029999,102.160004,-2.733
2015-09-07,104.120003,105.57,1.393
2015-09-14,105.959999,105.349998,-0.576
2015-09-21,105.93,102.919998,-2.842
2015-09-28,102.480003,104.010002,1.493
2015-10-05,104.779999,106.529999,1.67
2015-10-12,106.730003,108.120003,1.302
2015-10-19,107.980003,112.779999,4.445
2015-10-26,112.699997,113.330002,0.559
2015-11-02,113.629997,114.790001,1.021
2015-11-09,114.360001,109.839996,-3.952
2015-11-16,109.730003,114.480003,4.329
2015-11-23,114.519997,114.309998,-0.183
2015-11-30,114.650002,115.139999,0.427
2015-12-07,115.220001,110.790001,-3.845
2015-12-14,110.940002,109.830002,-1.001
2015-12-21,110.870003,112.589996,1.551
2015-12-28,112.32,111.860001,-0.41
2016-01-04,109.449997,104.010002,-4.97
2016-01-11,104.75,100.839996,-3.733
2016-01-18,102.209999,103.769997,1.526
2016-01-25,103.400002,104.129997,0.706
2016-02-01,103.629997,98.120003,-5.317
2016-02-08,96.290001,98.019997,1.797
2016-02-15,99.470001,101.629997,2.172
2016-02-22,102.580002,103.43,0.829
2016-02-29,103.330002,105.669998,2.265
2016-03-07,105.129997,106.489998,1.294
2016-03-14,106.089996,107.370003,1.207
2016-03-21,107.18,107.260002,0.075
2016-03-28,107.559998,110.360001,2.603
2016-04-04,110.360001,109.0,-1.232
2016-04-11,109.470001,110.639999,1.069
2016-04-18,110.32,108.980003,-1.215
2016-04-25,108.650002,105.720001,-2.697
2016-05-02,105.989998,105.580002,-0.387
2016-05-09,105.589996,105.5,-0.085
2016-05-16,105.660004,106.470001,0.767
2016-05-23,106.589996,110.129997,3.321
2016-05-30,110.279999,110.059998,-0.199
2016-06-06,110.260002,108.940002,-1.197
2016-06-13,108.32,106.489998,-1.689
2016-06-20,107.730003,104.290001,-3.193
2016-06-27,103.599998,108.080002,4.324
2016-07-04,107.510002,110.300003,2.595
2016-07-11,110.669998,111.800003,1.021
2016-07-18,111.870003,113.650002,1.591
2016-07-25,113.559998,115.230003,1.471
2016-08-01,115.309998,116.779999,1.275
2016-08-08,116.839996,117.199997,0.308
2016-08-15,117.349998,117.260002,-0.077
2016-08-22,117.089996,116.779999,-0.265
2016-08-29,116.809998,117.120003,0.265
2016-09-05,117.32,114.279999,-2.591
2016-09-12,113.639999,117.290001,3.212
2016-09-19,117.589996,118.330002,0.629
2016-09-26,117.660004,118.720001,0.901
2016-10-03,118.57,118.470001,-0.084
2016-10-10,119.080002,117.139999,-1.629
2016-10-17,117.040001,118.150002,0.948
2016-10-24,118.910004,117.099998,-1.522
2016-10-31,117.529999,113.650002,-3.301
2016-11-07,115.489998,115.800003,0.268
2016-11-14,115.830002,117.32,1.286
2016-11-21,117.610001,118.800003,1.012
2016-11-28,118.650002,115.699997,-2.486
2016-12-05,116.300003,119.5,2.752
2016-12-12,118.970001,119.599998,0.53
2016-12-19,119.720001,120.199997,0.401
2016-12-26,120.459999,118.480003,-1.644
2017-01-02,119.269997,121.93,2.23
2017-01-09,122.029999,123.160004,0.926
2017-01-16,122.839996,123.25,0.334
2017-01-23,123.169998,125.800003,2.135
2017-01-30,125.379997,125.68,0.239
2017-02-06,125.470001,127.379997,1.522
2017-02-13,127.769997,129.809998,1.597
2017-02-20,130.059998,130.259995,0.154
2017-02-27,130.020004,131.020004,0.769
2017-03-06,130.589996,131.389999,0.613
2017-03-13,131.339996,131.690002,0.266
2017-03-20,131.649994,130.630005,-0.775
2017-03-27,129.699997,132.380005,2.066
2017-04-03,132.490005,131.970001,-0.392
2017-04-10,132.100006,130.399994,-1.287
2017-04-17,130.770004,132.559998,1.369
2017-04-24,134.029999,135.990005,1.462
2017-05-01,136.440002,137.539993,0.806
2017-05-08,137.610001,138.600006,0.719
2017-05-15,138.660004,137.839996,-0.591
2017-05-22,138.149994,141.220001,2.222
2017-05-29,141.149994,143.460007,1.637
2017-06-05,143.449997,139.979996,-2.419
2017-06-12,138.800003,138.149994,-0.468
2017-06-19,139.490005,141.240005,1.255
2017-06-26,142.050003,137.639999,-3.105
2017-07-03,138.270004,137.759995,-0.369
2017-07-10,137.850006,142.119995,3.098
2017-07-17,142.270004,144.110001,1.293
2017-07-24,144.089996,143.839996,-0.174
2017-07-31,144.25,143.649994,-0.416
2017-08-07,143.910004,142.100006,-1.258
2017-08-14,143.229996,141.229996,-1.396
2017-08-21,141.220001,141.970001,0.531
2017-08-28,142.399994,146.0,2.528
2017-09-04,145.570007,144.210007,-0.934
2017-09-11,145.339996,146.059998,0.495
2017-09-18,145.910004,144.320007,-1.09
2017-09-25,143.75,145.449997,1.183
2017-10-02,145.669998,147.660004,1.366
2017-10-09,147.850006,148.339996,0.331
2017-10-16,148.710007,148.710007,0.0
2017-10-23,149.020004,151.240005,1.49
2017-10-30,151.130005,153.270004,1.416
2017-11-06,153.149994,153.679993,0.346
2017-11-13,153.100006,153.949997,0.555
2017-11-20,154.059998,156.259995,1.428
2017-11-27,156.210007,154.490005,-1.101
2017-12-04,155.460007,154.699997,-0.489
2017-12-11,154.770004,157.649994,1.861
2017-12-18,158.360001,157.369995,-0.625
2017-12-25,156.490005,155.759995,-0.466
2018-01-01,156.559998,161.919998,3.424
2018-01-08,161.919998,164.490005,1.587
2018-01-15,165.580002,166.339996,0.459
2018-01-22,166.279999,170.929993,2.796
2018-01-29,170.570007,164.610001,-3.494
2018-02-05,163.070007,156.100006,-4.274
2018-02-12,157.699997,164.960007,4.604
2018-02-19,164.380005,168.169998,2.306
2018-02-26,168.960007,165.990005,-1.758
2018-03-05,165.210007,173.160004,4.812
2018-03-12,173.669998,171.020004,-1.526
2018-03-19,169.100006,158.509995,-6.263
2018-03-26,161.720001,160.130005,-0.983
2018-04-02,158.990005,156.630005,-1.484
2018-04-09,157.979996,161.369995,2.146
2018-04-16,162.5,162.300003,-0.123
2018-04-23,163.089996,162.089996,-0.613
2018-04-30,162.470001,164.869995,1.477
2018-05-07,165.639999,169.460007,2.306
2018-05-14,169.850006,167.460007,-1.407
2018-05-21,168.759995,169.720001,0.569
2018-05-28,168.949997,172.740005,2.243
2018-06-04,173.179993,174.440002,0.728
2018-06-11,174.309998,176.979996,1.532
2018-06-18,175.490005,175.320007,-0.097
2018-06-25,173.729996,171.649994,-1.197
2018-07-02,170.039993,175.610001,3.276
2018-07-09,176.520004,179.610001,1.751
2018-07-16,179.649994,178.990005,-0.367
2018-07-23,178.460007,177.619995,-0.471
2018-07-30,177.630005,180.080002,1.379
2018-08-06,179.960007,180.520004,0.311
2018-08-13,180.850006,179.860001,-0.547
2018-08-20,180.259995,182.479996,1.232
2018-08-27,183.399994,186.649994,1.772
2018-09-03,186.080002,181.110001,-2.671
2018-09-10,182.149994,183.990005,1.01
2018-09-17,183.679993,183.710007,0.016
2018-09-24,182.050003,185.789993,2.054
2018-10-01,186.869995,180.149994,-3.596
2018-10-08,179.520004,174.320007,-2.897
2018-10-15,173.710007,173.020004,-0.397
2018-10-22,174.059998,166.660004,-4.251
2018-10-29,169.210007,169.380005,0.1
2018-11-05,169.600006,171.520004,1.132
2018-11-12,170.320007,167.5,-1.656
2018-11-19,166.699997,159.210007,-4.493
2018-11-26,161.440002,169.369995,4.912
2018-12-03,173.110001,161.380005,-6.776
2018-12-10,161.080002,161.080002,0.0
2018-12-17,160.389999,147.570007,-7.993
2018-12-24,146.080002,152.970001,4.717
2018-12-31,154.470001,156.229996,1.139
2019-01-07,156.619995,160.690002,2.599
2019-01-14,159.330002,165.25,3.716
2019-01-21,164.059998,165.149994,0.664
2019-01-28,163.020004,167.449997,2.717
2019-02-04,167.479996,168.559998,0.645
2019-02-11,169.169998,171.940002,1.637
2019-02-18,171.410004,172.889999,0.863
2019-02-25,174.210007,174.389999,0.103
2019-03-04,175.539993,171.169998,-2.489
2019-03-11,171.880005,178.350006,3.764
2019-03-18,177.949997,178.559998,0.343
2019-03-25,177.910004,179.660004,0.984
2019-04-01,181.509995,184.660004,1.735
2019-04-08,184.360001,185.830002,0.797
2019-04-15,185.839996,187.389999,0.834
2019-04-22,186.570007,190.649994,2.187
2019-04-29,190.649994,191.110001,0.241
2019-05-06,187.050003,185.0,-1.096
2019-05-13,180.289993,183.039993,1.525
2019-05-20,180.490005,178.160004,-1.291
2019-05-27,178.660004,173.949997,-2.636
2019-06-03,173.479996,181.039993,4.358
2019-06-10,182.25,182.639999,0.214
2019-06-17,183.039993,188.570007,3.021
2019-06-24,188.529999,186.740005,-0.949
2019-07-01,190.320007,191.050003,0.384
2019-07-08,189.809998,193.529999,1.96
2019-07-15,193.979996,191.009995,-1.531
2019-07-22,191.440002,195.289993,2.011
2019-07-29,195.110001,187.350006,-3.977
2019-08-05,183.429993,186.490005,1.668
2019-08-12,185.339996,185.479996,0.076
2019-08-19,188.160004,182.070007,-3.237
2019-08-26,184.139999,187.470001,1.808
2019-09-02,186.220001,191.589996,2.884
2019-09-09,192.190002,192.539993,0.182
2019-09-16,191.300003,190.800003,-0.261
2019-09-23,190.360001,187.029999,-1.749
2019-09-30,187.789993,188.809998,0.543
2019-10-07,188.270004,191.110001,1.508
2019-10-14,190.839996,191.690002,0.445
2019-10-21,192.710007,195.639999,1.52
2019-10-28,196.550003,198.869995,1.18
2019-11-04,200.190002,201.229996,0.52
2019-11-11,200.210007,202.910004,1.349
2019-11-18,202.589996,201.830002,-0.375
2019-11-25,202.699997,205.100006,1.184
2019-12-02,205.110001,205.0,-0.054
2019-12-09,204.630005,207.190002,1.251
2019-12-16,208.550003,211.710007,1.515
2019-12-23,212.0,213.610001,0.759
2019-12-30,213.5,214.179993,0.318
2020-01-06,212.5,218.429993,2.791
2020-01-13,219.330002,223.380005,1.847
2020-01-20,222.759995,222.699997,-0.027
2020-01-27,217.669998,219.070007,0.643
2020-02-03,220.139999,229.199997,4.116
2020-02-10,228.440002,234.639999,2.714
2020-02-17,233.5,230.270004,-1.383
2020-02-24,221.679993,205.800003,-7.163
2020-03-02,208.880005,208.020004,-0.412
2020-03-09,193.479996,192.339996,-0.589
2020-03-16,174.149994,170.699997,-1.981
2020-03-23,170.919998,185.300003,8.413
2020-03-30,187.100006,183.369995,-1.994
2020-04-06,190.479996,200.860001,5.449
2020-04-13,200.0,215.289993,7.645
2020-04-20,213.360001,213.839996,0.225
2020-04-27,216.190002,212.740005,-1.596
2020-05-04,211.460007,224.860001,6.337
2020-05-11,223.490005,223.270004,-0.098
2020-05-18,226.330002,229.660004,1.471
2020-05-25,233.360001,233.360001,0.0
2020-06-01,232.460007,239.690002,3.11
2020-06-08,239.539993,235.880005,-1.528
2020-06-15,232.440002,244.240005,5.077
2020-06-22,243.679993,240.220001,-1.42
2020-06-29,239.970001,252.190002,5.092
2020-07-06,255.449997,263.970001,3.335
2020-07-13,266.910004,259.420013,-2.806
2020-07-20,260.079987,255.559998,-1.738
2020-07-27,257.26001,265.790009,3.316
2020-08-03,268.0,271.470001,1.295
2020-08-10,271.769989,272.160004,0.144
2020-08-17,273.929993,281.869995,2.899
2020-08-24,285.25,292.529999,2.552
2020-08-31,293.070007,283.579987,-3.238
2020-09-07,272.220001,270.450012,-0.65
2020-09-14,274.359985,266.869995,-2.73
2020-09-21,262.470001,271.559998,3.463
2020-09-28,276.579987,274.309998,-0.821
2020-10-05,276.339996,285.709991,3.391
2020-10-12,290.549988,288.51001,-0.702
2020-10-19,290.48999,284.73999,-1.979
2020-10-26,282.380005,269.380005,-4.604
2020-11-02,271.850006,294.609985,8.372
2020-11-09,297.649994,290.929993,-2.258
2020-11-16,290.619995,290.380005,-0.083
2020-11-23,291.410004,299.01001,2.608
2020-11-30,299.339996,305.519989,2.065
2020-12-07,305.709991,301.850006,-1.263
2020-12-14,303.079987,310.059998,2.303
2020-12-21,306.459991,309.559998,1.012
2020-12-28,312.25,313.73999,0.477
2021-01-04,315.109985,319.029999,1.244
2021-01-11,315.980011,311.859985,-1.304
2021-01-18,314.25,325.420013,3.554
2021-01-25,328.910004,314.559998,-4.363
2021-02-01,318.109985,331.359985,4.165
2021-02-08,333.100006,336.450012,1.006
2021-02-15,337.269989,331.019989,-1.853
2021-02-22,326.5,314.140015,-3.786
2021-03-01,319.269989,323.589996,1.353
